id,title,text,created,author,class
eu498s,"Weekly /r/Snowboarding Non-Snowboarding Picture Thread -- January 26, 2020","This is the place for all of those pictures that you're eager to share with /r/snowboarding but that don't actually depict the act of snowboarding.  Examples of this are selfies, pictures from chairlifts, pictures of your resort, pictures of you sitting down on a slope, vacation pictures, pictures of park features, scenery pictures, etc.",1580056378.0,AutoModerator,0
eul87g,"Daily Discussion: /r/Snowboarding General Discussion, Q&A, Advice, Etc.) -- January 27, 2020","Want to discuss current trends? Board shapes, technology? Advice picking outerwear? Need info on traveling to Revelstoke for the first time? Or question about what board you should buy? For new and experienced snowboarders with any questions at all about snowboarding including gear, learning, what to wear, where to go, what terminplogy is rad, etc.  Nothing is off limits!  Please ask questions in this thread and let the /r/snowboarding community help out. This is meant as a judgement-free and welcoming environment for noobs to ask any kind of question related to snowboarding, no matter how dumb it may seem.",1580142784.0,AutoModerator,0
eup4y4,"Anybody going to be in Breck, Vail, and/or Keyston this coming weekend?","Hey guys, anybody going to be in Keystone, Vail, or Breckenridge this weekend (1/30-2/2) that would want to ride? I am heading out there on a solo trip and would love some company on the slopes or just to hangout.",1580166647.0,purple-magic,0
euqshq,Zeb Powell - Knuckle Huck Gold runs X-Games 2020,"https://youtu.be/6QX-mRBgr_U

Hyped to see this new format. Make snowboarding comps fun again.",1580173717.0,ShaxxsOtherHorn,0
eus38h,Application for automated volume control based on speed,"Hey snowboarders, a while ago I saw a post by  [u/backcountryeng](https://www.reddit.com/user/backcountryeng/) about his application that adjusts your phones volume when you hit a certain velocity (app name: Swift Volume). 

I recreated this application for Android as his was iOS only and I added some functionality. Instead of changing volume at a certain velocity, you can set two sliders (one for speed in km/h or mi/h and one for volume in %) to control your volume at every velocity for a smooth ride.

Here are some images: [https://imgur.com/a/0ZsI4m8](https://imgur.com/a/0ZsI4m8)

If you would like to give it a try you can download it through the following link:

 [https://play.google.com/store/apps/details?id=com.obkvision.vary\_volume](https://play.google.com/store/apps/details?id=com.obkvision.vary_volume) 

For the ones who actually are going to give it a try, I would love to hear some feedback and I can push updates to improve the app within a day.",1580178742.0,Fuchio,0
euhke9,Marcus Kleveland got robbed ðŸ˜‘,The golden knuckle should be his...,1580121952.0,Tomorrowsamystery,0
euelnf,My very First,"I lnow its not much but, today I went down my very first black diamond trail. Its not much but I'm proud of myself. This makes it special because this is also my first season snowboarding.",1580108307.0,Tbomb89562,0
eueohx,SO EXCITED,"I'm going to Slovakia for a 4 day snowboarding trip. I'm just so excited. Absolutely no snow this year where I live and I'm absolutely mad. Haven't been able to shred at all. My first time riding this season.

Any tips on how I can really enjoy it?",1580108634.0,Feelikss,0
eu496n,"Daily Discussion: /r/Snowboarding General Discussion, Q&A, Advice, Etc.) -- January 26, 2020","Want to discuss current trends? Board shapes, technology? Advice picking outerwear? Need info on traveling to Revelstoke for the first time? Or question about what board you should buy? For new and experienced snowboarders with any questions at all about snowboarding including gear, learning, what to wear, where to go, what terminplogy is rad, etc.  Nothing is off limits!  Please ask questions in this thread and let the /r/snowboarding community help out. This is meant as a judgement-free and welcoming environment for noobs to ask any kind of question related to snowboarding, no matter how dumb it may seem.",1580056370.0,AutoModerator,0
etup55,xgames stream?,I cant find a stream for slopestyle finals. Does anyone want to link me one?,1580006779.0,RespectedByAll,0
etqhxf,Any photographers want to share the best gear to bring up to the mountains?,"Iâ€™m curios whatâ€™s gonna work best while riding and taking photos. Which lens/filters/bags etc. have worked best for you in the past and present? Ive been shooting with a 5D and mainly my 35 1.4. Sometimes my fisheye when the lighting is present. Iâ€™ve been thinking about picking up a smaller telephoto but Iâ€™m hesitant due to the size. 

Anything you have to share will be appreciated.",1579986053.0,full-framed-photos,0
etu9j5,Where can I watch X Games for free?,I don't have ABC and really want to watch the slopetstyle. Anyone know anywhere that will stream it?,1580004862.0,BennyHG,0
etobwc,"Daily Discussion: /r/Snowboarding General Discussion, Q&A, Advice, Etc.) -- January 25, 2020","Want to discuss current trends? Board shapes, technology? Advice picking outerwear? Need info on traveling to Revelstoke for the first time? Or question about what board you should buy? For new and experienced snowboarders with any questions at all about snowboarding including gear, learning, what to wear, where to go, what terminplogy is rad, etc.  Nothing is off limits!  Please ask questions in this thread and let the /r/snowboarding community help out. This is meant as a judgement-free and welcoming environment for noobs to ask any kind of question related to snowboarding, no matter how dumb it may seem.",1579969982.0,AutoModerator,0
etnrq0,Any powder surfers in Edmonton?,Just bought my first board and looking to see if anyone is into it too in the area,1579965948.0,lararachelle,0
etl6ww,Youâ€™re still the man u/chriscorning,Some sweet tricks with plenty of big air tonight! Always pumped watching you ride man!ðŸ¤™ðŸ¼,1579950192.0,shelflessbro,0
etgvtx,Any fellow redditors who are pretty good at snowboarding at Snow Valley Mountain Resort wanna meet up sometime?,I need help with getting my ollies to be perfect,1579929948.0,MasterRaheem,0
etdk6p,50/50 backside 180 out --trick tips?,"Hey all, searching on youtube didnt help me much, mostly from wording probably...but anyway.  


I'm confident doing a FS 180 out, and even a lipslide 270 out but the opposite direction is so much more difficult. I've come to learn knowing where to put your eyes makes a HUGE difference so i'm hoping someone can tell me where i should be looking to get the trick around.",1579915863.0,xdrift0rx,0
et7ndw,"Weekly /r/Snowboarding Gear/Quiver Thread -- January 24, 2020","OK you know you want to show off that stunt stick of yours. Or better yet, you want to show off all five of your Skate Bananas. Line 'em up on the living room carpet or prop them against the closet door in your dorm and take the blurriest goddamn cell phone picture you can, then post it here where nobody cares.  Or maybe somebody does care, and you can talk about which Banana is best.  Honestly though, if you have a rad quiver and you want to show it off, or maybe you just bought your first full set-up, or you're stoked on a new pair of goggles or whatever, post 'em here. Upvotes for everyone!!!",1579883587.0,AutoModerator,0
et7nce,"Daily Discussion: /r/Snowboarding General Discussion, Q&A, Advice, Etc.) -- January 24, 2020","Want to discuss current trends? Board shapes, technology? Advice picking outerwear? Need info on traveling to Revelstoke for the first time? Or question about what board you should buy? For new and experienced snowboarders with any questions at all about snowboarding including gear, learning, what to wear, where to go, what terminplogy is rad, etc.  Nothing is off limits!  Please ask questions in this thread and let the /r/snowboarding community help out. This is meant as a judgement-free and welcoming environment for noobs to ask any kind of question related to snowboarding, no matter how dumb it may seem.",1579883579.0,AutoModerator,0
esz3xe,I am a complete newbie to Wintersports. Tried to ski but couldnâ€™t as I canâ€™t bend my left knee in coordination as my right due to a surgery. The Trainer told me that I will never be able to ski as they are not in coordination. He asked me to try snowboarding.,How different is it from skiing when it comes to my knee behaviour? How should I prepare myself? Have classes in a week. Any advice is helpful.,1579841013.0,TheDarkZla10,0
esxqos,Big boulder,"Hitting big boulder/Jack Frost in pa this weekend if anyone on hereâ€™s in that area, we should link for sureeeeee",1579835375.0,vince23003,0
eslqfb,Dedication,"I can't believe I just learned this. I've been snowboarding for over 3 years, I've been in Canada (WBC), Washington (crystal actual mt), Houghton, TC, Beulah (Crystal). 

Just tonight, and nowhere else. I did probably 15 different stretches, just to be ready. Readyness is everything baby, I just learned that (minutes ago) and that's why I suck. Because I'm never ready. I don't do yoga, I don't do stretches, and in 3 years I've barely learned anything. I can sort of 360, but it is awful in form. I'm terrified of big jumps. I don't soar, I pussy out. I want to be safe. 

Well, do you know what's more unsafe than anything? Not being ready to do what you're about to. You might think that because you exercise and do fitness and cardio and lift, you are ready. You aren't. Those muscles have almost nothing to do with snowboard. Your leg muscles help you gain air- they don't tell you anything about what to do in the air. You need to do stretches so you can learn of what is even possible to do while in the air, it is very different than having ground. You need to be able to wyrm like a cat. 

If you don't feel comfortable doing something (I don't feel comfortable going off of jumps) THERE IS A REASON. It's because **you aren't ready to do that.**

This is for all of you. If you're here, you want to be good at snowboarding. Watching good people is awesome and wholesome, and you want it too. You don't just want to be average, you don't want to be okay. Don't take that shit. Be great. You're here for PROGRESS not COMPLACENCY.

That's a message to myself, anyway. Maybe your experience isn't the same, maybe we snowboard for different reasons. But if you clicked on this post, you must've read the title, so let's face it. You're here for the same reason that I am- to be fucking amazing. Leave greatness in the dust, it is beneath you. You will soar, you just need to learn how.

If you want to soar, look up snowboarding stretches. Learn yoga. Learn meditation. You need mastery of your mind, and mastery of your body, to have mastery of snowboarding. There is nothing else, besides duality of mind and the mind that you embody. You need to master both. Mastery isn't a set point that you reach, it is a virtue- it is something you strive for. It is an unattainable ideal. Regardless, you need it if you want to do big shit without getting hurt.

Mastery is not about being here. Mastery is about going there. It is a method, not a static. It is something that you always need in order to progress. Without mastery, there is literally no progress. Think about that. You can't learn switch if you've never learned the opposite. You need to master your regular placement in respect to the mountain to even have an alternative. If you don't have mastery, it isn't riding switch, it's just riding and you don't have a regular way of doing that. Other words, you are lost and doomed.

Mastery is about balance. That's what meditation and yoga are for- balance of the mind, balance of the body.

 In snowboarding, there is no separation. You are constantly fulfilling your mind- what you expect to happen. You need to adopt a few seconds into the future, don't think of what to do but fucking know it. Don't imagine the future, know the future, intuit it. You have that control. If you catch an edge, you will fall- you know that. You know that you will fall before you do, and you know that you will catch an edge before you do- that's what makes you uneasy, which is what makes you catch an edge. The knowledge that you are about to fall. It happens before you fall, every single time. It means you weren't ready to do what you just did. If your adoption of the future includes you failing- you will fail. So, you need to get ready. Starting today, make a plan. Do 10 minutes of stretching before and after you meet the mountain again. You will FEEL the progress. That isn't a guess, I'm certain.

Those of you that are already dedicated, this is groundwork and you may think of me a fool to make such a big deal of it. But, I assure you that more than half the people on the mountain have no idea how to progress, and half of them will probably quit before they realize any of their potential, because they aren't progressing. Some of them will read this, and some of them will gain from it. That's why I'm making this post- I thought the only way to progress was on the mountain. Far from true, much of your progress comes before and after snowboarding.

Anyway, whether it's true or not, all of this came from DMT so imma plug that right here. Can't promise results, but if you go in with intention you can learn *a fucking lot*, ***about anything***, **about everything*****.*** Just wanted to share all of this with all of you, in case some might gain from it. 

Peace and love",1579771372.0,This_is_your_mind,0
esq06u,Does anyone ride big?,"Iâ€™m 5â€™7â€ 150lbs  I was riding a 154 and recently moved up to a nitro squash 159. Initially, I was a little worried about the jump in size, but after about 10 days out I am pretty stoked with everything about this board. Does anyone else ride a board thatâ€™s â€œtoo bigâ€? And enjoy it?",1579794947.0,yojitsu93,0
esqb2o,"Daily Discussion: /r/Snowboarding General Discussion, Q&A, Advice, Etc.) -- January 23, 2020","Want to discuss current trends? Board shapes, technology? Advice picking outerwear? Need info on traveling to Revelstoke for the first time? Or question about what board you should buy? For new and experienced snowboarders with any questions at all about snowboarding including gear, learning, what to wear, where to go, what terminplogy is rad, etc.  Nothing is off limits!  Please ask questions in this thread and let the /r/snowboarding community help out. This is meant as a judgement-free and welcoming environment for noobs to ask any kind of question related to snowboarding, no matter how dumb it may seem.",1579797170.0,AutoModerator,0
esnmuu,What are certain aspects you look for in a good jump,"Hi, I'm new to being on park crew and I'm gonna be helping out with building a new jump at our hill. I've rode park for about 5 years but I've only ever built features a handful of times. 

Looking for some advice/examples(pics) for a good medium sized jump with good air time and a nice float to it

I've rode at carinthia and was looking to make something similar to their jumps, they're awesome 

Appreciate any help/tips",1579779851.0,JayPea3D,0
esrdmt,"Hi, I just wanted to share a project I've been working on, please let me know what you think!","I've always liked to log my progress when learning new hobbies, so when I first started snowboarding a couple of years ago I recorded myself as much as I could, for learning purposes.

I started to hoard a big cuantity of videos over the time, so I decided to make a Youtube channel, where I could upload most of them. I decided to call it ""Snowboard Diary"" because, welp, it's kind of a diary where I log every day I've been on the mountain, with every video following a naming pattern of ""Day \# - Ski Resort - Run name"".

Now that I'm starting to see some progress on my riding I decided to start editing my videos with some music and stuff, and I really enjoy watching them from Day 1 onwards, and I was wondering if there's any nerd like me out there, who like watching this kind of stuff.

I don't have any intention of monetizing my channel, so it doesn't really matter if I get lots of suscribers, but I figured that since I'm putting some time into making it look as good as I can, I might as well share it with someone.

[Here's the channel](https://www.youtube.com/channel/UCxE6_qAd6i3-IKO_bsWqIKA), please let me know what you think!

Full disclaimer, I'm aware the quality of the older vids isn't the best, but I'm improving at recording and editing as much as riding, so expect better quality of both in the next batch.",1579804863.0,HI_I_AM_NEO,0
eso8ih,Hakuba this weekend?,If anyone is going to be up in hakuba hit me up! I'd love to meet some more boarders and maybe do some runs together.,1579783100.0,ki-rin,0
esgbnw,"looking for roommate in Hakuba, Japan for mid-febuary:)",Hey There! My friend and i are in Hakuba for 2 weeks from the 6th to the 20th of Febuary. Originally we were 3 people but the third got injured and is not joining us in Hakuba. However we already booked a room for 3 people. So if anyone is interested we would be happy to find a roommate!:) We are 22yr old guy from Switzerland and a 23 yr old girl from Austria and we are very easy going and exited about the legendary japanese Pow:). the accomodation is about 87 euros per night for the whole room: so around 30 euros (33 usd) per person per night. As far as i can tell it's a small hostel/guesthouse. Please let me know if you are interested!:),1579747918.0,aFishwithFeelings,0
eslp05,"Anyone know of a Youtube channel that makes Shredbots style videos and short movies, but for skiing instead?"," [Ruckus II](https://www.youtube.com/watch?v=3e7GDjLUZO4)

 [Local Surroundings](https://www.youtube.com/watch?v=16pzfYzomo0)

&#x200B;

Like similar to these \^",1579771189.0,YodasBrain,0
esi08r,Good park snowboarding YouTube channel with regular videos?,"I love [SLVSH](https://youtu.be/S89kfEkPNjc) because it features great park skiiers doing tricks on features at local parks (as compared with the insane Olympic slopestyle features that I am never even going to be able to straight air). Anyone know of any similar-ish channels for snowboarding? Ideally with current riders that regularly release new videos? Thanks!

P.S. if nothing like this exists someone should definitely start",1579755161.0,Sibicle,0
es96xv,"Daily Discussion: /r/Snowboarding General Discussion, Q&A, Advice, Etc.) -- January 22, 2020","Want to discuss current trends? Board shapes, technology? Advice picking outerwear? Need info on traveling to Revelstoke for the first time? Or question about what board you should buy? For new and experienced snowboarders with any questions at all about snowboarding including gear, learning, what to wear, where to go, what terminplogy is rad, etc.  Nothing is off limits!  Please ask questions in this thread and let the /r/snowboarding community help out. This is meant as a judgement-free and welcoming environment for noobs to ask any kind of question related to snowboarding, no matter how dumb it may seem.",1579710777.0,AutoModerator,0
es33q2,2020 Riding Playlist,"Hey there Reddit! Iâ€™m here looking for playlist recommendations for an upcoming ride, I have a playlist right now but as most of you know that gets old around half way thru the day. I love doing some rides silent, but good tunes make it that much better! I listen to all kinds of music, and any recommendations will be appreciated!",1579678088.0,monty802,0
es4ss1,Miller flip tips,I wanna learn a miller flip tomorrow and would love some tips. Resort has abunch of knuckle type rollers right now so its a good time to learn. Thanks.,1579686003.0,powderhound007,0
erw5cw,Looking for advice on my 3s attempt,"&#x200B;

[Been trying at it all day sunday and kept landing 270s :\(](https://reddit.com/link/erw5cw/video/bxmday86h5c41/player)",1579649448.0,ChonkyCarrot,0
erru94,"Daily Discussion: /r/Snowboarding General Discussion, Q&A, Advice, Etc.) -- January 21, 2020","Want to discuss current trends? Board shapes, technology? Advice picking outerwear? Need info on traveling to Revelstoke for the first time? Or question about what board you should buy? For new and experienced snowboarders with any questions at all about snowboarding including gear, learning, what to wear, where to go, what terminplogy is rad, etc.  Nothing is off limits!  Please ask questions in this thread and let the /r/snowboarding community help out. This is meant as a judgement-free and welcoming environment for noobs to ask any kind of question related to snowboarding, no matter how dumb it may seem.",1579624387.0,AutoModerator,0
ernsis,"Southwest ate my snowboard, will not pay for the damage","  

I would love some advice on what to do here.

I recently took a trip to Denver to go snowboarding, went to Loveland and it was great. Upon my return to Phoenix I grabbed my snowboard bag off the carousel and it looked like someone had taken a belt sander to it. My board also got split up one side, and the edge ground down and bent.

I will say, Southwest cut me a check for the value of my bag and some gloves that came out of the bag through the huge rip in it (though not the snowboard). I should add the flight had been delayed multiple times and changed gates before we finally departed from Denver. Collecting my luggage in Phoenix happened in the early morning hours of Monday, January 13th. I had to be at work in a few hours so I went home got ready for work and napped on the couch for a few minutes. After getting home from work I started unpacking my stuff only to find the belt sander had done damage to my snowboard as well.

I called Southwest to report the newly found damage only to get the runaround, and to be told I would be receiving an email from ""central baggage"" with more information. I waited 48 hours and no email appeared. I called back. This time I was told to upload documents and pictures via a web portal, which I did. I called back the next day and was told they had no record of me uploading any documents. Alas, I attempted a second upload, but this time decided to tweet @/SouthwestAir and see if it got a better response.

[https://twitter.com/andrewf63904166/status/1218659278363324416](https://twitter.com/andrewf63904166/status/1218659278363324416)

In summary, since I did not report the damage to the board within 4 hours, I was out of luck, according to their policy. They have offered me a $150 voucher to Southwest, but I really want them to pay to fix/repair my board.

I would really appreciate any advice for dealing with Southwest, or fixing my board.

Thanks!",1579601316.0,afrank33,0
erjzth,Slice N Dice,My friends have a series of films on youtube that I feel deserve more views. I hope you enjoy it.  [https://www.youtube.com/watch?v=NnqZpQLCjVA](https://www.youtube.com/watch?v=NnqZpQLCjVA),1579584466.0,gilestowler,0
erjhoo,New to CO looking to backcountry,"Howdy folks,

Iâ€™m new to Colorado and am looking to backcountry ride. Iâ€™ve never gone and it has been on my bucketlist. Iâ€™m basically looking for some folk(s) I could tag along with who would be willing to put up with a backcountry noob (not new to riding).


I live in Junction but would be willing to travel (Steamboat, Vail, Aspen, Telluride, Breck, whatever).",1579582436.0,_ramscram,0
er8t31,Pro tip for Big Snow at American Dream in New Jersey,"Bring all of your own gear, don't rent.

I wanted to share my experience with our first indoor snow park, it didnt go too well. I flew out to NYC for some work in the area, and I came a day early to visit Big Snow.  

I bought a pass+rental, put in my preferences (snowboard, height, weight, shoe-size) etc,.  I thought on a Sunday Night (but it is MLK tomorrow) it might not be too busy. It was busy (my first time so I dont know). 

The experience of checking in from the staff is all a bit vague and unclear of what to do where to go.  I didnt mind some of the attitudes, but I wasnt sure if I kept screwing up or what because I seemed to be in the wrong place every-time. 

Wait in line for your ticket time, wait in line for a safety video, wait in line for clothing, boots, all of it I totally get. But it being unclear on where to go, was a bummer.  All of the staff seemed flustered with the guest volume.

Once I got to the boot fitting area, I find out that they ran out of mens 10 to 12 boot sizes; the guy there said you will have to wait for boots to come back. 

By that point I gave up, and walked to the desk and got a refund. Honestly I'm a bit impatient when it comes to standing around in lines. They gave me a coupon for a free ticket but I may not be back here for a few months.

If I brought all of my gear, I would have avoided all of this. It looked like people were sneaking past the gondola video area if they had gear, and they also pulled people out of line because they had gear.

Im excited for what big snow could do for the sport, and bring new people to snowboarding who havent had a chance. So I hope it does well.

&#x200B;

With some time, the staff will get better trained, and I hope the reservation/checkin system bugs get worked out.",1579527461.0,israellopez,0
erdz14,Buyer beware - Outdoor Tech Chips,"Just wanted to put this out to help anyone else avoid the annoyance I've had with my Outdoor Tech Chips (bluetooth audio helmet inserts). Basically the product is great, but the battery will fail within 2/3 years. Their aftersales support is pretty garbage, only offering me a (small) discount to re-buy a new set, not what I expect from such a premium product.

I guess if you go for full seasons or multiple times a year, you can justify the price for the amount of use you get out of them, but for me (1 time a year and 2 uses before failure), there's no way.",1579559803.0,JellyUK,0
erakaa,"Daily Discussion: /r/Snowboarding General Discussion, Q&A, Advice, Etc.) -- January 20, 2020","Want to discuss current trends? Board shapes, technology? Advice picking outerwear? Need info on traveling to Revelstoke for the first time? Or question about what board you should buy? For new and experienced snowboarders with any questions at all about snowboarding including gear, learning, what to wear, where to go, what terminplogy is rad, etc.  Nothing is off limits!  Please ask questions in this thread and let the /r/snowboarding community help out. This is meant as a judgement-free and welcoming environment for noobs to ask any kind of question related to snowboarding, no matter how dumb it may seem.",1579537981.0,AutoModerator,0
er0ja5,Ski big 3 and kicking horse,"Hey here to give some output on these mountains for ppl deciding to take future trips.

1st January and february have cold punches (polar vortex) so double check with your crew. We were well prepped. But -30 gave a cold zip on groomers.

2nd check each mountain condition and visibility. Some get more snow. Some get more sun. Have a gameplan earlier, then double check in morning use snow-forecast.com

3rd Canmore vs Banff stay; Canmore better bang for buck kitchens etc. In lodges, also I think there is a shuttle from Canmore to Banff so double check. Rental car needed here and more versatile in choosing mountain.
Banff is closer to the hills and shuttles all over so if your comfortable with a little better and easier lifestyle go that route. More $$$ there too.

4. know what kind of rider you are and what kind of group your with. Banff sunshine is awesome for bigger groups and families once you reach the main village. As all those lifts funnel back to the main one. (goats eye lift seperate from more extreme riding)

Lake Louise little more adventurous but back bowls have long funnel back to the lift. Better to keep under 4 man team.

Kicking horse - (more advanced riding) not in the ski big 3 package but a favorite amongst locals for more extreme riding and a great layout for bowls to runs to tree runs. And back to the Gondala. So super cool for small groups to meet back at the bottom no matter the run. 

All in all cool trip, each mountain had its own terrain. Best snow was in kicking for me, most open terrain was Banff, most transfer runs lake Louise.

I'm cool to answer questions and have others fixing and giving more advice and suggestions.",1579489338.0,DominikSublime,0
eqxpyn,"2020 Laax Open, Switzerland","&#x200B;

[Jan Scherrer, Air-to-fakie](https://preview.redd.it/tuh1pcl19rb41.jpg?width=1400&format=pjpg&auto=webp&s=647697a4b94a8cebaeea2e6cf4e76ad07e84ddc3)",1579477096.0,VernonDeck,0
eqyzkx,Need to sell lift tickets VT,"Hey guys so idk if selling stuff is okay on here so if not can someone help me out to find a spot to?

So I have 4 lift ticket vouchers and 4 rental vouchers to Mount Snow VT. My girlfriend broke her wrist on our trip and got her days vouchers but is done for the season. Iâ€™m trying to get her money back cause these have to be used this season.

Next I have some old gear i want to sell and clear out my house. I live in rockland county NY so if anyone is interested or knows someone who is please help.

Hereâ€™s a list of the gear:
K2 atlas 153cm 2011 snowboard, with some bs bindings. Board is good but I upgraded. Bought it from a rental shop so the bindings suck but itâ€™s great to learn. Will come with 9.5 boots which not gonna like kinda suck.

NOW IPO bindings: I have buyers remorse and Iâ€™ll lose a good chuck of change trying to return them. I bought em and now plan on buying stepons

Burton flannel jacket size medium but runs big so could be a large.

If anyone in the NYC area can help me find a place to sell or hell donate itâ€™s be highly appreciated. Or if anyone wants to buy it from me.

Please help hahaha",1579482673.0,Regel_Cinemas,0
eqz4te,Anyone out at Mt Shasta Ski park today???,Letâ€™s do a run together!,1579483292.0,sierraalpha149,0
eqitxf,Huge personal achievement for a beginner today. S-turns finally clicked!,"So I'm 47 and just learning this year. I just finished lesson 4 and my brain finally clicked in terms of how to turn from one edge to the other. Up until today it was all falling leaf but I finally figured out (after being taught) S-turns and I feel like a whole new level has opened up. I'm still not carving down the hill or anything but getting over that fear of turning from one edge to the other really feels great. That's it. Just had to get it out. 

As you were....",1579395331.0,SeanCusson,0
eqtueg,"Daily Discussion: /r/Snowboarding General Discussion, Q&A, Advice, Etc.) -- January 19, 2020","Want to discuss current trends? Board shapes, technology? Advice picking outerwear? Need info on traveling to Revelstoke for the first time? Or question about what board you should buy? For new and experienced snowboarders with any questions at all about snowboarding including gear, learning, what to wear, where to go, what terminplogy is rad, etc.  Nothing is off limits!  Please ask questions in this thread and let the /r/snowboarding community help out. This is meant as a judgement-free and welcoming environment for noobs to ask any kind of question related to snowboarding, no matter how dumb it may seem.",1579451571.0,AutoModerator,0
eqtufl,"Weekly /r/Snowboarding Non-Snowboarding Picture Thread -- January 19, 2020","This is the place for all of those pictures that you're eager to share with /r/snowboarding but that don't actually depict the act of snowboarding.  Examples of this are selfies, pictures from chairlifts, pictures of your resort, pictures of you sitting down on a slope, vacation pictures, pictures of park features, scenery pictures, etc.",1579451579.0,AutoModerator,0
eqn35q,Last minute... anyone want to meet up tomorrow and ride Camelback mountain in PA?,Friends canâ€™t go so throwing the invite out to shreddit,1579413659.0,tjonsch,0
eqlo49,Anyone up at Boyne Resort today?!?,Awesome weather! Me and my girl are looking for someone to shred and grab beers with!,1579407328.0,Bigolbass,0
eqg8ak,Stolen Rossignol Circuit at Keystone,Someone walked away with my Rossignol Circuit with Ride LX bindings that was sitting outside 9280 taphouse in Keystone last night. It's a total long shot but if you picked it up by accident thinking it was yours I would love my board back. Thanks.,1579381975.0,bluecamelblazeit,0
eqdyhe,"Daily Discussion: /r/Snowboarding General Discussion, Q&A, Advice, Etc.) -- January 18, 2020","Want to discuss current trends? Board shapes, technology? Advice picking outerwear? Need info on traveling to Revelstoke for the first time? Or question about what board you should buy? For new and experienced snowboarders with any questions at all about snowboarding including gear, learning, what to wear, where to go, what terminplogy is rad, etc.  Nothing is off limits!  Please ask questions in this thread and let the /r/snowboarding community help out. This is meant as a judgement-free and welcoming environment for noobs to ask any kind of question related to snowboarding, no matter how dumb it may seem.",1579365176.0,AutoModerator,0
eqbpjo,Anyone at mount snow this weekend?,"I'm heading there tomorrow morning, likely camping out in my car through Saturday night and riding again Sunday.  Never done this before.  Wondering if anyone's there who would want to ride either day. Hang out after they close Saturday, eat some food, whatever.  Just gunna be shredding there for the weekend with some down time.",1579349821.0,dsfvdh,0
eq30um,I figured out how to remix video clips into music. Took the sound of snowboard bindings clicking and made it into a beat!,"I used to produce EDM but I haven't made any in almost 10 years. Recently my kids started asking me about it. Since we already have a vlog, I took a bunch of video clips and fed them into my music software to use the sounds of our life to make music:

https://youtu.be/QHBJmluPyfM

(The whole video is funny/entertaining but if you just want to see the song with the snowboard binding clips in it skip to around the 8 minute mark).

We do a lot of snowboarding and I'm always filming with my GoPro. What other typical resort sounds would be good to capture for a future remix?",1579309026.0,yoordoengitrong,0
epzsu4,Sebastien Toutant wins LAAX Open Menâ€™s Slopestyle!,Red Gerard in close second.,1579293257.0,jhdrumming,0
eq2f1s,A day at le Massif,"Hi!

I just uploaded a summary of my day at le Massif this past Monday (the 13th).

Hope you enjoy!

&#x200B;

[https://www.youtube.com/watch?v=T6YuUQ7LRQo](https://www.youtube.com/watch?v=T6YuUQ7LRQo)",1579306379.0,comiquaze,0
eq14jr,EPS 4D vs MIPS,"Looking at some new helmets for a female and trying to understand the difference between MIPS and EPS 4D. Are they more or less the same thing branded differently, or what are the major differences / proâ€™s or conâ€™s?

Leaning towards the Salomon icon2 C at this stage, anyone bought one before?

Store guy couldnâ€™t quite explain it and some mixed info from some quick googling.",1579300487.0,Dane-o260,0
epxqzz,"Weekly /r/Snowboarding Gear/Quiver Thread -- January 17, 2020","OK you know you want to show off that stunt stick of yours. Or better yet, you want to show off all five of your Skate Bananas. Line 'em up on the living room carpet or prop them against the closet door in your dorm and take the blurriest goddamn cell phone picture you can, then post it here where nobody cares.  Or maybe somebody does care, and you can talk about which Banana is best.  Honestly though, if you have a rad quiver and you want to show it off, or maybe you just bought your first full set-up, or you're stoked on a new pair of goggles or whatever, post 'em here. Upvotes for everyone!!!",1579278791.0,AutoModerator,0
epxqyj,"Daily Discussion: /r/Snowboarding General Discussion, Q&A, Advice, Etc.) -- January 17, 2020","Want to discuss current trends? Board shapes, technology? Advice picking outerwear? Need info on traveling to Revelstoke for the first time? Or question about what board you should buy? For new and experienced snowboarders with any questions at all about snowboarding including gear, learning, what to wear, where to go, what terminplogy is rad, etc.  Nothing is off limits!  Please ask questions in this thread and let the /r/snowboarding community help out. This is meant as a judgement-free and welcoming environment for noobs to ask any kind of question related to snowboarding, no matter how dumb it may seem.",1579278783.0,AutoModerator,0
eptde0,The Conditions Report,"Hey guys,

I'm starting up an email newsletter called The Conditions Report that I think you all might be interested in.  The idea is to provide a weekly update on any photos/videos, gear, or news that happens in the industry.  I subscribe to a few of these for music and other general news and thought people might want it for our sport as well.

Here is the link to subscribe: https://mailchi.mp/d1ef681f3ee7/theconditionsreport

Thanks for reading!",1579254092.0,tryflin09,0
epgmah,"Daily Discussion: /r/Snowboarding General Discussion, Q&A, Advice, Etc.) -- January 16, 2020","Want to discuss current trends? Board shapes, technology? Advice picking outerwear? Need info on traveling to Revelstoke for the first time? Or question about what board you should buy? For new and experienced snowboarders with any questions at all about snowboarding including gear, learning, what to wear, where to go, what terminplogy is rad, etc.  Nothing is off limits!  Please ask questions in this thread and let the /r/snowboarding community help out. This is meant as a judgement-free and welcoming environment for noobs to ask any kind of question related to snowboarding, no matter how dumb it may seem.",1579192370.0,AutoModerator,0
eozq1i,"Daily Discussion: /r/Snowboarding General Discussion, Q&A, Advice, Etc.) -- January 15, 2020","Want to discuss current trends? Board shapes, technology? Advice picking outerwear? Need info on traveling to Revelstoke for the first time? Or question about what board you should buy? For new and experienced snowboarders with any questions at all about snowboarding including gear, learning, what to wear, where to go, what terminplogy is rad, etc.  Nothing is off limits!  Please ask questions in this thread and let the /r/snowboarding community help out. This is meant as a judgement-free and welcoming environment for noobs to ask any kind of question related to snowboarding, no matter how dumb it may seem.",1579105984.0,AutoModerator,0
eouc02,What snowboard movie first inspired you?,"Mine was Subjekt: Haakonsen. I got it free on VHS with a snowboard mag and watched it til the tape wore out. It was so fucking cool. Watching that film truly shaped my life; it inspired me to move abroad so I could work winter seasons in the mountains and even shaped my musical taste. Terje and the crew on that film were style monsters from the future, sent to tell me to shred gnar and aspire to go big and styley. What was the first snowboard movie you watched that made you go ""Fuck yeah, I want that""?",1579076738.0,bruceleesknees,0
eoohfm,Photoshoot with Arthur Longo in Chamonix,"&#x200B;

[Arthur Longo hiking the glacier](https://preview.redd.it/s05fn3qk5sa41.jpg?width=1400&format=pjpg&auto=webp&s=860470a3f769ebc6501917aeb6c580ea2f9f38d3)",1579052212.0,VernonDeck,0
eoq10o,"EAST WITH EAST presented by Dragon: Jibbuary, edit from Sweden, enjoy!","this is my first post on reddit lol

&#x200B;

[https://youtu.be/gX4NDJq-HGQ](https://youtu.be/gX4NDJq-HGQ)",1579058831.0,jdahlbergg,0
eolvch,Comparing trail maps at the same scale?,"Hi all!

My son and I started our snowboarding adventure this year at our small little mountain in North East Pennsylvania. I wanted to show him just how small our area is compared to others. Do you know of any places where you can lay one trail map on top of another to show how much bigger/smaller it is than another? Obviously, we can see the one has a ton more runs than others, but also those runs are 5x longer, etc.

I've found [onthesnow.com](https://onthesnow.com) has a great comparison tool with snowfall, elevation, etc., but it's not super visual.

Take care!",1579040463.0,AtzerodtReddit,0
eop1oa,Demo days?,"I recently moved to southern CO from the East Coast and wanted to know about upcoming demo days.  Just want an opportunity to try boards from as many companies as possible.  Anyone know of any dates for this season?  Iâ€™m looking in NM or Colorado. 

Edit: Added areas where Iâ€™d be looking for demos.",1579054711.0,banana_sweat,0
eo5phb,I made an app for boarders that adjusts your music volume based on your speed,"I love riding with music but always found it a headache to reach for my phone and change the volume non-stop in the cold. To make it easier, I made an iPhone app called Swift Volume that changes your music volume based on your speed (doesn't matter if you're using Spotify, Apple Music, etc.). It makes it easy to talk with your friends at the bottom of a run or on the side of the mountain.

Would love any feedback that fellow riders have. Reviews are also welcome. Only for iPhone right now but will be posting one for Android soon. [https://apps.apple.com/us/app/swift-volume/id1490966335](https://apps.apple.com/us/app/swift-volume/id1490966335)

&#x200B;

&#x200B;

https://preview.redd.it/9v4sc97zfka41.png?width=1242&format=png&auto=webp&s=771a92317665221be97c3a3c942c6943672b2387",1578958790.0,backcountryeng,0
eoimon,"Daily Discussion: /r/Snowboarding General Discussion, Q&A, Advice, Etc.) -- January 14, 2020","Want to discuss current trends? Board shapes, technology? Advice picking outerwear? Need info on traveling to Revelstoke for the first time? Or question about what board you should buy? For new and experienced snowboarders with any questions at all about snowboarding including gear, learning, what to wear, where to go, what terminplogy is rad, etc.  Nothing is off limits!  Please ask questions in this thread and let the /r/snowboarding community help out. This is meant as a judgement-free and welcoming environment for noobs to ask any kind of question related to snowboarding, no matter how dumb it may seem.",1579019570.0,AutoModerator,0
eot2w7,Share the mountain,"Hey guys, so I ""came up"" with an idea. I created an Instagram account @/sharethemountain and what i'm trying to do it plan a poaching day at all three mountains that are skiing only in the USA. If this is successful I want to give a cash prize to one of the poachers. Follow my account for more details.",1579071246.0,H3LLENKELLER,0
eoeimg,Loveland this coming Sunday (1/19),"Looking for people to snowboard with on Sunday. Driving from Lakewood. I got gas covered. I can have up to 3 friends join if interested. (I drive a Tundra)

Going to Loveland...

I ride the greens and blues. I'll hang out in the park, but don't expect me to contribute much more than holding the camera.

32-year-old male. Pretty social and don't mind grabbing lunch/beers along the way. DM me and we can set up a meeting place/time.

I usually ride with a chick who only likes the slow greens, so I don't mind the newbies. But I'm down to ride with anybody.",1578996552.0,JackSawyer87,0
eo1h54,"Daily Discussion: /r/Snowboarding General Discussion, Q&A, Advice, Etc.) -- January 13, 2020","Want to discuss current trends? Board shapes, technology? Advice picking outerwear? Need info on traveling to Revelstoke for the first time? Or question about what board you should buy? For new and experienced snowboarders with any questions at all about snowboarding including gear, learning, what to wear, where to go, what terminplogy is rad, etc.  Nothing is off limits!  Please ask questions in this thread and let the /r/snowboarding community help out. This is meant as a judgement-free and welcoming environment for noobs to ask any kind of question related to snowboarding, no matter how dumb it may seem.",1578933184.0,AutoModerator,0
enyrhb,MT Bachelor,Flew from New York to Oregon today gonna be at Bachelor all week if anyone wants to shred HMU!,1578916389.0,thatjawnkid22,0
envhpp,Keystone Runs,"I thought this would be pretty cool to share being a data nerd and a snowboarder of my runs at Keystone.

I was able to extract out the GPS data from some of my GoPro videos and map the runs. These weren't all the runs I did at Keystone, but the runs I was able to record in full/extract GPS data from. This gives you the exact path I was able to complete and not just trail lines on a map. Below is the link to the Mapbox map (for you to view and zoom in) and a link to the website I used to extract GPS data from the GoPro videos (in case anyone was interested). Unfortunately the map didn't have an image of snow; need to get a hold of Google on changing that. 

I wish I would've recorded more runs from North Peak along with Wild-Irishman and Frenchman. 

[Map Link](https://api.mapbox.com/styles/v1/mcclusky101/ck5a00e0m2lnk1coyoh6odufq.html?fresh=true&title=view&access_token=pk.eyJ1IjoibWNjbHVza3kxMDEiLCJhIjoiY2s1OXp3aXYwMHAyOTNvcGw0bHJoM2tleiJ9.YBQh_HPMF0lsQOgknx0CoA)

[GoPro Data Extraction Link](https://goprotelemetryextractor.com/free/#)

[Keystone 2020 Runs](https://preview.redd.it/bqtshzpojfa41.png?width=303&format=png&auto=webp&s=c3d0e5b916d0f476955c18d53f0a8407a2f1b273)",1578900604.0,McClusky101,0
enp34i,My first box!,"https://youtu.be/drwDB2_jMsc

Needs a lot of work but at least I didn't eat shite >.<",1578873360.0,Kdsnowd,0
enl3of,"Daily Discussion: /r/Snowboarding General Discussion, Q&A, Advice, Etc.) -- January 12, 2020","Want to discuss current trends? Board shapes, technology? Advice picking outerwear? Need info on traveling to Revelstoke for the first time? Or question about what board you should buy? For new and experienced snowboarders with any questions at all about snowboarding including gear, learning, what to wear, where to go, what terminplogy is rad, etc.  Nothing is off limits!  Please ask questions in this thread and let the /r/snowboarding community help out. This is meant as a judgement-free and welcoming environment for noobs to ask any kind of question related to snowboarding, no matter how dumb it may seem.",1578846776.0,AutoModerator,0
enisa4,Capita superdoa,"Took this thing out for a rip today (itâ€™s my dads, but I had the car and he said I could take it) and holy shit. This is probably the most intense board Iâ€™ve ridden, as it can charge anything. Going from my gilson featherweight (2/10 flex, basically a jibstick) to this made me remember why I loved throwing myself down groomers. Since Iâ€™ve been focusing on park so much lately, itâ€™s nice to have a board thatâ€™s a change of pace. Also the carving on this thing is something else. 


Found myself frequenting this sub lately, but itâ€™s a cool community so yeah:)",1578831609.0,Shmittypirate,0
enl3pm,"Weekly /r/Snowboarding Non-Snowboarding Picture Thread -- January 12, 2020","This is the place for all of those pictures that you're eager to share with /r/snowboarding but that don't actually depict the act of snowboarding.  Examples of this are selfies, pictures from chairlifts, pictures of your resort, pictures of you sitting down on a slope, vacation pictures, pictures of park features, scenery pictures, etc.",1578846784.0,AutoModerator,0
endc7d,Lost Apple Watch at Northstar resort today (1/11/2020),Long shot here but if anyone spotted or found a black series 4 44mm Apple Watch with the standard black band most likely somewhere between zephyr and arrow express and the top of  arrow please DM me itâ€™s be much appreciated as it was a Christmas gift to help with nursing school from the great parents! Much thanks for any and all info! Ride onðŸ¤™ðŸ¼ P. S. Siri responds to my name as Batman,1578805835.0,shelflessbro,0
enf2by,mlk weekend snowboard vail,anyone going to be in vail for mlk weekend? looking for a riding partner,1578813344.0,xela13579,0
enalmq,Niseko meet up - early February,Is anyone going to Niseko between Feb 1-15? Would be nice to meet up for some runs together.,1578793911.0,hiddeninthecold,0
en5063,"Daily Discussion: /r/Snowboarding General Discussion, Q&A, Advice, Etc.) -- January 11, 2020","Want to discuss current trends? Board shapes, technology? Advice picking outerwear? Need info on traveling to Revelstoke for the first time? Or question about what board you should buy? For new and experienced snowboarders with any questions at all about snowboarding including gear, learning, what to wear, where to go, what terminplogy is rad, etc.  Nothing is off limits!  Please ask questions in this thread and let the /r/snowboarding community help out. This is meant as a judgement-free and welcoming environment for noobs to ask any kind of question related to snowboarding, no matter how dumb it may seem.",1578760386.0,AutoModerator,0
emstpu,Was this guy trying to finesse me or should I be listening to his claims?,"Itâ€™s a really odd and long story, I hope itâ€™s not confusing

Iâ€™m very new to the sport and this guy came up to me and asked to race down the mountain. I lost pretty hard but we took the lift back up together. 

On this lift he talked about his board non stop, eventually convincing me to try it. It was a extremely fun and stable board compared to mine, I was able to do a lot of things that would get me in trouble on my board. 

Eventually he showed me a secret pow spot, and had me ride his board down it.  

All this was great and all, but it just seemed odd.  I barely met this guy and he was willing to let me try his board and show me a untouched pow spot? He asked me to show him my pass, and asked if I was born and raised in Colorado which just seemed way odd. 

This last thing he told me was that his board was going to be sold out soon, and if I wanted his board with that graphic I should buy it soon as possible. 


Honestly I am down with buying the board if itâ€™s true, the board was really fun, and I like the graphic as-well. Though normally I would I wait for a sale or something, but I willing to purchase it now if thatâ€™s the case. 

It was just a really odd event to me. Most time people arenâ€™t that nice or welcoming. Was he trying to sell me the board or something else? Iâ€™m just confused to be honest. 

The board was a Orca Lib. 


Tldr. Guy showed me a pow spot and let me use his board, and told me I should buy it before itâ€™s to late. Felt extremely odd.


Edit: All right boys, I waited to long, this morning the store near my work had a 153, 156, and 159. Iâ€™m getting off work right now and my store only has the Orca case bag left. Ahhhhhhhh, I was suspicious of seemingly nice guy, and because of that I played my self.",1578700524.0,GodBorn,0
emz13q,What's your favorite grab? Why?,"Title, got my first ""hard grab"" today got me curious",1578727232.0,diver1_2_3,0
emycbb,High Fives Foundation's 9th Annual FAT Ski-a-Thon at Sugarbush,team sign-ups are still open! [https://support.highfivesfoundation.org/campaign/9th-annual-fat-ski-a-thon/c263163](https://support.highfivesfoundation.org/campaign/9th-annual-fat-ski-a-thon/c263163),1578724118.0,matejalane,0
emt2tf,Let's Talk Books,What's your favorite book about snowboarding?,1578701588.0,tedulce,0
eme8rj,"PSA: If you are coming to the Tetons this weekend (Jackson Hole or Grand Targhee), bring your pow board and avalanche safety gear. We are getting dumped on.","If you are a regular in the area then you know that things can get hairy here, even in-bounds.  It hasn't stopped snowing in days and it just started to dump.  So remember;

* Bring a powder board or set your stance accordingly.

* Please be very mindful of tree wells.  They will kill you in what feels like the stupidest way possible.

* Wear a helmet.  Rocks can be invisible under six inches of powder but when things are this fluffy, those six inches might as well not exist.

* Carry a walkie-talkie

* If possible, don't ride alone

* Don't go out of bounds unless the area has been bombed

* Have fun!",1578625528.0,jomiran,0
emn8fh,Trip to MT bachelor sunday!,"Hey guys, me and a buddy are flying from NYC to Oregon Sunday and shredding bachelor for the week if anyoneâ€™s down to shred with us and show us around the mountain hmuuu",1578667380.0,thatjawnkid22,0
emo6v5,"Daily Discussion: /r/Snowboarding General Discussion, Q&A, Advice, Etc.) -- January 10, 2020","Want to discuss current trends? Board shapes, technology? Advice picking outerwear? Need info on traveling to Revelstoke for the first time? Or question about what board you should buy? For new and experienced snowboarders with any questions at all about snowboarding including gear, learning, what to wear, where to go, what terminplogy is rad, etc.  Nothing is off limits!  Please ask questions in this thread and let the /r/snowboarding community help out. This is meant as a judgement-free and welcoming environment for noobs to ask any kind of question related to snowboarding, no matter how dumb it may seem.",1578673983.0,AutoModerator,0
emlrty,Any shredders in Hakuba next week?,Coming from Aus! Keen to make some new friends :),1578658961.0,sloots69,0
emo6we,"Weekly /r/Snowboarding Gear/Quiver Thread -- January 10, 2020","OK you know you want to show off that stunt stick of yours. Or better yet, you want to show off all five of your Skate Bananas. Line 'em up on the living room carpet or prop them against the closet door in your dorm and take the blurriest goddamn cell phone picture you can, then post it here where nobody cares.  Or maybe somebody does care, and you can talk about which Banana is best.  Honestly though, if you have a rad quiver and you want to show it off, or maybe you just bought your first full set-up, or you're stoked on a new pair of goggles or whatever, post 'em here. Upvotes for everyone!!!",1578673991.0,AutoModerator,0
emapo8,Will be in denver at arapahoe basin from the 17th to the 19th if anyone wants to shred!,"I will be going on my first solo trip to snowboard (live in texas) and if anyone's going to be around we should meet up!  I'm intermediate skilled and can ride pretty well, but would love to be pushed.

Probably won't happen but just throwing it out there just in case.  

Stoked to ride soon.  Have a good season bros/broettes.",1578610592.0,MastuhMind,0
emgbu8,Give us an honest report on the preseason gear you bought,"So we are a bit into the season. We all picked up a bunch of preseason gear, looking at reviews online, man handling stuff in the shop. How has it worked out for you? Is that Orca really the end all be all?",1578634268.0,japdot,0
em1z72,Epic Pass Ski Resort Map,"My *fiancÃ©* says I should share this on Reddit for internet points. 

Epic Pass Ski Resort map - [https://www.google.com/maps/d/viewer?mid=1chmPovEpw0J8qCAG4yHj4kc07Yn4FEqF&usp=sharing](https://www.google.com/maps/d/viewer?mid=1chmPovEpw0J8qCAG4yHj4kc07Yn4FEqF&usp=sharing) 

Feel free to comment with suggestions for improvements.",1578559878.0,h688d,0
em6x3a,"Daily Discussion: /r/Snowboarding General Discussion, Q&A, Advice, Etc.) -- January 09, 2020","Want to discuss current trends? Board shapes, technology? Advice picking outerwear? Need info on traveling to Revelstoke for the first time? Or question about what board you should buy? For new and experienced snowboarders with any questions at all about snowboarding including gear, learning, what to wear, where to go, what terminplogy is rad, etc.  Nothing is off limits!  Please ask questions in this thread and let the /r/snowboarding community help out. This is meant as a judgement-free and welcoming environment for noobs to ask any kind of question related to snowboarding, no matter how dumb it may seem.",1578587570.0,AutoModerator,0
em0cfj,First time back in 22 years.,"Today was amazing. I snowboarded for the first time in 22 years. I am amazed that it came back so damn fast. I was ok back then, but still expected to spend most the morning on my ass.


We built a skate park on an abandoned tennis court when I was younger. In the winter we would move everything over to the big hill near it. It was amazing. I'm older now and doubt I'll do park stuff ever again but my god was it great to carve again.  

Next step is to work up to being good enough to go to Stowe or Killington. Never been and always dreamed of going. Our hills here in western pa got nothing on those.",1578552509.0,maeshughes32,0
em0uph,"Look for snowboarding friends in Manhattan, NY","I work and live in New York. I have friends I used to go snowboarding with when I lived in jersey but they are not enthusiasts so itâ€™s really hard to go snowboarding as much as  I want to. Itâ€™s even harder after I moved. I now usually take Paragon sports ski buses for quick day trips and Iâ€™ll usually just go by myself. I havenâ€™t asked friends who donâ€™t know how because they usually donâ€™t have snow pants/jackets/gloves etc. 

I enjoy going by myself. Itâ€™s less hassle and wastes much less time waiting for people.  I can also focus on riding and improving . Still though, Itâ€™d be nice if I can find friends with intermediate/advanced skills that I can shred with so we can learn and help each other along the way.",1578554832.0,Cattotoro,0
elq2nl,"Daily Discussion: /r/Snowboarding General Discussion, Q&A, Advice, Etc.) -- January 08, 2020","Want to discuss current trends? Board shapes, technology? Advice picking outerwear? Need info on traveling to Revelstoke for the first time? Or question about what board you should buy? For new and experienced snowboarders with any questions at all about snowboarding including gear, learning, what to wear, where to go, what terminplogy is rad, etc.  Nothing is off limits!  Please ask questions in this thread and let the /r/snowboarding community help out. This is meant as a judgement-free and welcoming environment for noobs to ask any kind of question related to snowboarding, no matter how dumb it may seem.",1578501202.0,AutoModerator,0
elh1tx,Share your angles!,"What angles do you set your bindings to?  These are my three go to setups.

* Freestyle, All-mountain soft snow:  Regular, left +18, right -15

* All-mountain icy or sketchy:  Regular, left +21. right -9  (This allows for a bit more tail control while still allowing me to dig my edges and lean forward.  I am not as concerned with switch.)

* Powder board, bombing: Regular, left ~+33, right +3  (To hell with edge hold.  This is all about the surf style and speed with max tail control.  The front foot is just along for the ride.)",1578457127.0,jomiran,0
ele3wx,Photoshoot with Arthur Longo up at 3800m in France.,"&#x200B;

https://preview.redd.it/aw9rl8fczd941.jpg?width=1400&format=pjpg&auto=webp&s=da3ffbb77faa0e3d3053aa76366cdd546d75bf94",1578444741.0,VernonDeck,0
elk1ae,"Tignes, France 25th of Jan - solo snowboarder"," 

As the title says, I'm going to Tignes on the 25th of Jan by myself.

I'm at an intermediate level, can hold my own and happy to go off piste.

Anyone else going to be there that doesn't mind someone tagging along with their group or meeting up? 

&#x200B;

(Definitely up for a few beers too)",1578469627.0,Gurencia,0
el3flz,Your never to old to shred.,"I have a quick story to tell. 
My dad used to be a skier for 20 + years. When I was young he started me on two planks, and I hated it. Later that day, I switched my rental to a snowboard, and fell in love. 
Reluctantly, my dad switched as well. He bought an old gnu for 40 bucks from his friend and began those endless bunny hill runs with me. He was 46 at the time.
For the next 11 years (and still today) he would drive the 2 hour trip to hit 400 feet of vertical over 450 times. He taught us to ride fast, he took us to the park for the first time, and told us endless stories of when he skied in powder in Colorado, something I still havenâ€™t experienced. Now, as a 16 year old, I canâ€™t help but notice how much people use age as a barrier. My dad is 57. 
He just learned methods and board slides. 
Heâ€™s thrown his back out 3 times and broken his arm, and still continues to go to the mountain, even though he no longer needs to drive us. For him, itâ€™s not a chore. He shares the same love as all of us.
Your never too old to shred.",1578386837.0,Shmittypirate,0
el5htq,Utah is sick.,"I was riding the outdoor park at Woodward Park City tonight. Got off the lift, putting on my binding...look up...boom Jeremy Jones (jib) right in front of me. I didnâ€™t know what to say, so I didnâ€™t say anything. 

Then I followed him back down to the lift like some crazy stalker and finally said â€œhiâ€. Suuuuper nice guy.",1578396301.0,milieu_of_mediocrity,0
el8uts,"Daily Discussion: /r/Snowboarding General Discussion, Q&A, Advice, Etc.) -- January 07, 2020","Want to discuss current trends? Board shapes, technology? Advice picking outerwear? Need info on traveling to Revelstoke for the first time? Or question about what board you should buy? For new and experienced snowboarders with any questions at all about snowboarding including gear, learning, what to wear, where to go, what terminplogy is rad, etc.  Nothing is off limits!  Please ask questions in this thread and let the /r/snowboarding community help out. This is meant as a judgement-free and welcoming environment for noobs to ask any kind of question related to snowboarding, no matter how dumb it may seem.",1578414772.0,AutoModerator,0
ekrah5,"Daily Discussion: /r/Snowboarding General Discussion, Q&A, Advice, Etc.) -- January 06, 2020","Want to discuss current trends? Board shapes, technology? Advice picking outerwear? Need info on traveling to Revelstoke for the first time? Or question about what board you should buy? For new and experienced snowboarders with any questions at all about snowboarding including gear, learning, what to wear, where to go, what terminplogy is rad, etc.  Nothing is off limits!  Please ask questions in this thread and let the /r/snowboarding community help out. This is meant as a judgement-free and welcoming environment for noobs to ask any kind of question related to snowboarding, no matter how dumb it may seem.",1578328377.0,AutoModerator,0
ekorhl,Seeking fellow baby boarder to shred the greens at Squaw tomorrow!,"Whatâ€™s up peopleâ€™s? Tomorrow is my first day on a slope. Got a season pass to Squaw/Alpine and Iâ€™m working up at Tahoe Daveâ€™s. Was wondering if there were any other noob ass kooks that might wanna link up and eat some snow together! Iâ€™m 24m, been skating for a long time, and Iâ€™m stoked to be here and learn how to surf the powder. Message me if youâ€™re looking for a buddy or donâ€™t mind a nerd in your crew! Cheers yâ€™all!",1578313507.0,dagargoyle,0
ekinlr,The most important lesson Iâ€™ve learned in all my snowboard progression.,"Iâ€™ve only been boarding for about 4 years, but living in a ski town and riding all season, itâ€™s been enough time for a lot of progression and Iâ€™ve noticed a trend. I always improve the fastest when Iâ€™m doing things that scare me. For example, I had been spending a lot of time in the park hitting the same jumps over and over trying to dial in my takeoffs and landings. I was making progress, but the progress was slow. After staring to get bored, I decided in a burst of courage that I would try the much larger jumps to the side. I managed an ok landing after flailing through the air and decided to go back to the small jumps some more. To my surprise I was suddenly vastly more confident, able to keep more speed going off the lip, and stick the landings. Same thing happened when I started riding switch. The steeper runs where I was more scared had me improving much faster. 
To summarize:  Do things that scare you. Youâ€™ll get better, more confident, and probably have more fun too.

Edit: I just concussed myself by riding switch and going way too fast. Now I canâ€™t ride for 2-6 weeks. Donâ€™t listen to me.",1578285228.0,Arecloudscool,0
ekaf6s,"Daily Discussion: /r/Snowboarding General Discussion, Q&A, Advice, Etc.) -- January 05, 2020","Want to discuss current trends? Board shapes, technology? Advice picking outerwear? Need info on traveling to Revelstoke for the first time? Or question about what board you should buy? For new and experienced snowboarders with any questions at all about snowboarding including gear, learning, what to wear, where to go, what terminplogy is rad, etc.  Nothing is off limits!  Please ask questions in this thread and let the /r/snowboarding community help out. This is meant as a judgement-free and welcoming environment for noobs to ask any kind of question related to snowboarding, no matter how dumb it may seem.",1578241969.0,AutoModerator,0
ek4bdj,This is the wisdom of the mountain,"The mountain is face as fuck. It is tall as fuck. That's how we've defined it. That's the difference between a mountain and a hill, a hill is pretty fucking tall but a mountain is tall as fuck. It's wrong, it shouldn't be tall. There is no reason for tall on a sphere. It should be fixed. That's why we have snowboarding, to fix the tallness. We push snow to the bottom to fix it, to make it not tall (cause remember there's no reason for tall on a sphere, it is wrong). When we're all done, there will be no mountain, just feet of snow. A lot of feet of snow, it will be smooth though. Great for shredding. If you could just find a place to fall from. Like a mountain. Well shit. You need the mountain to board. Without the mountain, there is no fall, there is no shredding. This is what we mean when we say the mountain will fall. Of course it will, that's all it does, is fall. The mountain falls, because we are the mountain and we fall from the mountain. That's all anything does, is fall. That's what gravity says we do, and gravity is just a term that we made up to say ""this happens"". Falling happens, always. We can't get around that, because we created gravity like 20 years ago and now we're all trying to fix it but the more we try to fix it, the worse it gets. we learned that fixing things is actually fun so now we keep breaking it just so that we can keep on fixing it. and now we have snowboarding. frickin cool. I love emergence.

&#x200B;

So basically, by snowboarding, we are pushing snow to the bottom of a mountain, to fix the mountain, to make it no longer tall as fuck, but just fuck because it isn't tall anymore. And without the tallness you can't shred. Anyway, what I'm saying is we're doing God's work, we're making the mountain fall on itself. I mean, where else would it fall? Off the mountain? The base is just as much mountain as the summit is. All there is, is mountain. Even dips and valleys, are just inverted mountains. The earth? Just a sphereical mountain. You can confirm this by thinking about where a mountain ends. Where does it end? The smoothness at the bottom? Well, what is the bottom? It's not the surface level, I'll tell you that much. It's below the surface, wherever rocks form- because a mountain is just a huge (read: tall as fuck) rock covered in snow.

&#x200B;

So what I'm really saying is, there is no wisdom of the mountain, because mountains are freakin stupid and that makes snowboarding stupid. that's why it's fun, because it's stupid. it absolutely does not make you athletic, there's a huge risk of injury, and the only thing you get out of it is fun. that's why it's stupid, because it's fun. nothing that is fun, isn't stupid. get that? why is drinking fun? because it's fucking stupid, it's just poisoning your body on a small scale. why is dancing fun? because it's fucking stupid and pointless. if you make it exercise, then it isn't fun, it's just work. that is the separation in life, there is work and there is fun. work is smart, because it allows you to have fun. you can't have fun if you didn't eat and now you're dead. right?

&#x200B;

if you made it all the way through, god bless you you stupid fuck. you're as dumb as I am. enjoy the mountain. do lots of drugs. never stop having fun, or you might as well die because the only thing left is work and who the fuck wants to work without ever having fun. you need both for a healthy balanced breakfast, choose kellogs. sorry for being so harsh, truly, I love you all. And as always, thanks for watching.

&#x200B;

edit: if anybody liked this so much that they're coming back to read it again, I have some secrets I'd like to share with you. PM me.",1578208923.0,Fated_to_Die,0
ek1yyy,Evo.com data breach,"FYI to everyone, I just got some snail mail from evo.com saying they were hacked, and any credit card info was stolen during the checkout process in November and early december.

Too bad they sent the notice snailmail as my card got hit literally this morning for 3k at western union.",1578198530.0,fatrob,0
ekaf87,"Weekly /r/Snowboarding Non-Snowboarding Picture Thread -- January 05, 2020","This is the place for all of those pictures that you're eager to share with /r/snowboarding but that don't actually depict the act of snowboarding.  Examples of this are selfies, pictures from chairlifts, pictures of your resort, pictures of you sitting down on a slope, vacation pictures, pictures of park features, scenery pictures, etc.",1578241976.0,AutoModerator,0
ek3x87,My little shredders at Purgatory over New Years!,"Still working on moving away from falling leaf, but their fun levels were pegged, and my son (in the green) has zero fear of SENDING IT! (edit: forgot to add the vid)

https://reddit.com/link/ek3x87/video/2pyk37j2du841/player",1578207140.0,hollywood7301,0
ek31ed,Are we seeing a hike in popularity for the sport?,"Hi all,  

This is just a thought based on some recent observations of mine.... But am I wrong to say that Iâ€™ve noticed a recent spike in the popularity of snowboarding? Like Iâ€™ve been seeing a lot of rappers and celebrities suddenly hit the slopes. I remember reading about something regarding a decline in snowboarding a few years ago but from what Iâ€™ve noticed, many celebrities are starting to catch an interest in the sport.... which in turn causes an influence on the general public. 

What are your thoughts?",1578203178.0,mikeyalva,0
ek3x0t,Brighton the next week,Gonna be riding Brighton from the 6th-11th. Any rippers in here wanna take park/pow(if they get some) laps?,1578207114.0,Gnarlyx1817,0
ek1fxo,Anyone riding Bittersweet in MI today?,Came up here for a solo day trip and figured itâ€™d be worth a shot in case any of you wanted to grab a beer and enjoy the slight rain/mist coming down now?m.,1578196226.0,teajayy7424,0
ejtm6z,Backcountry Splitboarding with a Mountain Bike Approach,"Hi, thanks for stopping by...

This subject of using a Fatbike or MTB as part of an Approach may be played out by now, but I captured this a few years ago and am just sharing it here now >> [A Ski Tour With A Mountain Bike Approach](https://steller.co/s/5ZW8s7Exnmu?page=1) 

I was really pumped on the adventure of it, and how it added a new element to my snowboarding. I have strong memories of the ride, the cabin and the chutes we rode that day. 

Hopefully we get some snow this week and the Powderhounds can drop into some deep stuff.

Cheers>>WFO247",1578152014.0,WFO247,0
eju4z3,"Daily Discussion: /r/Snowboarding General Discussion, Q&A, Advice, Etc.) -- January 04, 2020","Want to discuss current trends? Board shapes, technology? Advice picking outerwear? Need info on traveling to Revelstoke for the first time? Or question about what board you should buy? For new and experienced snowboarders with any questions at all about snowboarding including gear, learning, what to wear, where to go, what terminplogy is rad, etc.  Nothing is off limits!  Please ask questions in this thread and let the /r/snowboarding community help out. This is meant as a judgement-free and welcoming environment for noobs to ask any kind of question related to snowboarding, no matter how dumb it may seem.",1578155575.0,AutoModerator,0
ejfqxb,"Heads up on Evo.com, site compromised","Christmas day I was called by my bank letting me know my checking account was frozen due to fraud, just over $600 was transferred via the cash app (which I have never used) to an unknown account.  I went through all the hassle of getting everything taken care of regarding safeguarding my info, which some of you know is a total pain in the ass.  Yesterday I recieved a generic letter from EVO letting me know that malicious code was uploaded to their site which allowed someone access to pretty much all billing info for a period in both November and December.  My purchase from EVO was on November 15th.  I know that place gets a lot of business from people here on reddit, so watch your accounts plz.",1578088812.0,stg58,0
ejac4i,$15 bluetooth headphones converted for snowboard helmets,"I made this video for everyone because it really helped me out!  Total price of helmet and headphones was the price of the recommended headphones.  Jlab headphones with a Bern helmet worked great for me.  The button works and the fit is good as well.  Thanks for checking it out!

[$15 Helmet headphones](https://youtu.be/nUcrWrtfFd0)",1578055261.0,sabaibye,0
ejcobw,"Weekly /r/Snowboarding Gear/Quiver Thread -- January 03, 2020","OK you know you want to show off that stunt stick of yours. Or better yet, you want to show off all five of your Skate Bananas. Line 'em up on the living room carpet or prop them against the closet door in your dorm and take the blurriest goddamn cell phone picture you can, then post it here where nobody cares.  Or maybe somebody does care, and you can talk about which Banana is best.  Honestly though, if you have a rad quiver and you want to show it off, or maybe you just bought your first full set-up, or you're stoked on a new pair of goggles or whatever, post 'em here. Upvotes for everyone!!!",1578069189.0,AutoModerator,0
ejco9z,"Daily Discussion: /r/Snowboarding General Discussion, Q&A, Advice, Etc.) -- January 03, 2020","Want to discuss current trends? Board shapes, technology? Advice picking outerwear? Need info on traveling to Revelstoke for the first time? Or question about what board you should buy? For new and experienced snowboarders with any questions at all about snowboarding including gear, learning, what to wear, where to go, what terminplogy is rad, etc.  Nothing is off limits!  Please ask questions in this thread and let the /r/snowboarding community help out. This is meant as a judgement-free and welcoming environment for noobs to ask any kind of question related to snowboarding, no matter how dumb it may seem.",1578069177.0,AutoModerator,0
ejcjkt,We are donating 40% of every sale in honor of Jaeger Bailey. RIP www.illrushclothing.com,"we extended the deadline to the end of today! 40% of each sale goes to charity in honor of Jaeger. He was such a talented person with such a unique style of riding. [www.illrushclothing.com](https://www.illrushclothing.com) 

https://preview.redd.it/byg8zigsvi841.jpg?width=1000&format=pjpg&auto=webp&s=8aea8b80157ef469b2dd186cb2de952188a08842",1578068195.0,Illrushclothing,0
ej2476,"When talking about ski/snowboarding, are Utah, Colorado and Nevada considered part of the West Coast even though they do not touch the Pacific Ocean?",,1578018957.0,otaydotay,0
ej96cd,Anyone going from Denver to Frisco/Copper mountain area that has room for 2 on Jan 6th? Round trip,,1578049558.0,Brokenfromthegarden,0
eizu8e,Snowboard lessons are holding back the sport,"I've been around reddit long enough to know that this will get downvoted to Bolivia, but I've got to put it out there anyway: **beginner lessons are holding back snowboarding**. I think this is the main reason why there are fewer people snowboarding today than there were back before the sport was mainstream. 

I learned to ride in the mid-90's, and although people have said snowboard lessons were a thing back then, I wasn't aware of them and no one I rode with back in the 90's had ever taken a lesson. Basically you had a bunch of skateboarders and ex-skiers who took a board up onto the hill and after the first day they either gave up or learned to link turns comfortably. Sink or swim.

Fast foward 25 years, and I'm teaching my nephew how to ski (I told him when he can make parallel turns on blue trails he can switch). I was shocked at what I saw from the snowboarders at the magic carpet.

 * One young couple was teaching their son to ride. He was about 3 and on a board with a leash. His parents never attempted to teach him edging or speed control. The dad held the leash tight to control his speed and the mom would spread her legs and say ""knuckle dragger!"" and he would crouch down and go between her legs. I was thinking ""God bless those two, they have a million times the patience I do. Are they really going to give up 5+ years of their prime riding years playing pointless games with their son?"" But after an hour they disappeared. Perhaps they handed their kid off to a grandparent.

 * A woman was teaching her boyfriend to ride by holding his hands as he attempted to turn. He caught a bunch of toeside edges and ultimately ski patrol had to take him down the mountain in a stretcher. I think he broke an ankle.

 * Another kid was being taught and basically making falling leaf turns on his heelside edge. I never saw him on his toeside edge.

 * One older snowboard instructor was teaching a young man and he was slowly making progress with gentle linked toe and heelside edges. Still, I was struck by the fact that it's like learning to ride a bike while going at a walking pace. It's just hard without a bit more speed and momentum to flex your board.

 * Meanwhile the skiers were generally progressing in a more or less linear fashion doing pizza and french fries. 

Many older generation snowboarders have since taught our kids skiing, with the possibility of switching as they get older. We learned to ride as teenagers with adult-level coordination, strength and confidence. We collectively realized that learning to ride as a kid is very difficult except for exceptional athletes.

So here are my conclusions:

 * Even the ski community is unreasonably enthusiastic about lessons. Level 3 Ski instructors are not like tennis or golf pros who can generally wipe the floor with the club champion, and have taken extensive certification courses in teaching. And keep in mind that most instructors that teach beginners are not even level 1 certified. 

 * About 90% of the population aged 5 to 65 can learn to ski, but snowboarding is harder to learn and the percentage is lower. People may have given up in the 90's because they fell a lot, but people today are quitting in higher numbers because they aren't getting any positive sense of progress at all. They spend an hour or two on the bunny slope and watch the beginning skiers make steady progress. I think this probably the most important point. **Snowboard lessons are based on the not-so-Noble Lie that virtually everyone can learn to snowboard if they follow a gentle enough progression. But instead this gentle progression is useless for people who are not athletic enough to snowboard, and frustrating for people who are.** I'm sure there are people who through sheer determination and force of will stuck with it and became good riders despite not being good athletes, but they are as exceptional in their own way as the good athletes who pick up snowboarding easily.

 * Snowboarders don't have pizza and french fries. They have to go immediately to linking parallel turns, and that requires balancing on a single edge. **Much like riding a bike, you are more stable with at least a little speed because changes in edge pressure are used to center your balance. At lower speeds those changes are smaller and slower to develop** so it takes better balance to ride at slow speeds than moderate speeds. Moreover, linking turns benefits from flexing the board, and even if beginner boards are flexed for magic carpets (and I doubt they are), a board that soft won't provide much energy. Snowboarders need a steeper bunny slope than skiers to make good progress.",1578008868.0,WallLearner,0
eivorn,"Daily Discussion: /r/Snowboarding General Discussion, Q&A, Advice, Etc.) -- January 02, 2020","Want to discuss current trends? Board shapes, technology? Advice picking outerwear? Need info on traveling to Revelstoke for the first time? Or question about what board you should buy? For new and experienced snowboarders with any questions at all about snowboarding including gear, learning, what to wear, where to go, what terminplogy is rad, etc.  Nothing is off limits!  Please ask questions in this thread and let the /r/snowboarding community help out. This is meant as a judgement-free and welcoming environment for noobs to ask any kind of question related to snowboarding, no matter how dumb it may seem.",1577982779.0,AutoModerator,0
eiqhby,"I want to board out west, but I have no friends.","Title says it all, I am fairly new to snowboarding, and none of my currents friends board or seem to want to board. I would like to get out west to Colorado or Whistler. Anybody know of group trips like evo trips, or do I just go alone. Any advice welcome.",1577954231.0,TheTradeMarker,0
eilioh,Need help finding an old snowboard flick,"I'm looking for a snowboard movie that was posted on its own website for free viewing 12-14 years ago. I BELIEVE it was called Snow Day, or some variation thereof, and it started with an alarm being turned off. I know this isn't much to go by but it's worth a shot.",1577931419.0,joegrizzly6,0
eir9t4,Craziest weekend snowboarding to date this past weekend at Mount Snow,"Nothing special but lots of fun!

[https://www.youtube.com/watch?v=sKfiQ8HQ\_zY](https://www.youtube.com/watch?v=sKfiQ8HQ_zY)",1577958035.0,RevUpBoys,0
eig5t3,"Daily Discussion: /r/Snowboarding General Discussion, Q&A, Advice, Etc.) -- January 01, 2020","Want to discuss current trends? Board shapes, technology? Advice picking outerwear? Need info on traveling to Revelstoke for the first time? Or question about what board you should buy? For new and experienced snowboarders with any questions at all about snowboarding including gear, learning, what to wear, where to go, what terminplogy is rad, etc.  Nothing is off limits!  Please ask questions in this thread and let the /r/snowboarding community help out. This is meant as a judgement-free and welcoming environment for noobs to ask any kind of question related to snowboarding, no matter how dumb it may seem.",1577896378.0,AutoModerator,0
ei5pm1,How many of you are self taught vs lessons?,"So I just finished lesson 2 of 6 and, while I plan on finishing the lessons, I was wondering how many people actually take lessons vs how many just figure it out through trial an error?",1577841364.0,SeanCusson,0
eiasa0,Heading to White Pass tomorrow. Anyone else?,"Heading up from Tri for the new year. Have a season pass to Bluewood, but White Pass is supposed to get dumped tonight. I usually snowboard with my wife, but sheâ€™s working. Anyone want to make a friend?",1577864554.0,Knibbler0,0
ei2oy4,good snowboarding playlist?,"iâ€™m hitting the slopes today, send your music",1577826741.0,sadboikush,0
ei08ml,"Daily Discussion: /r/Snowboarding General Discussion, Q&A, Advice, Etc.) -- December 31, 2019","Want to discuss current trends? Board shapes, technology? Advice picking outerwear? Need info on traveling to Revelstoke for the first time? Or question about what board you should buy? For new and experienced snowboarders with any questions at all about snowboarding including gear, learning, what to wear, where to go, what terminplogy is rad, etc.  Nothing is off limits!  Please ask questions in this thread and let the /r/snowboarding community help out. This is meant as a judgement-free and welcoming environment for noobs to ask any kind of question related to snowboarding, no matter how dumb it may seem.",1577809969.0,AutoModerator,0
ehq14m,What is your favorite board that you have ever rode?,"Basically, title says it all. Mine would currently have to be my 2018 SickStick that I sadly parted with because it was just too damn big. Still loved the way it rode though.

What board present or past have you loved the most? Why? Letâ€™s hear it.",1577760042.0,kevrog21,0
ehjhqr,"Daily Discussion: /r/Snowboarding General Discussion, Q&A, Advice, Etc.) -- December 30, 2019","Want to discuss current trends? Board shapes, technology? Advice picking outerwear? Need info on traveling to Revelstoke for the first time? Or question about what board you should buy? For new and experienced snowboarders with any questions at all about snowboarding including gear, learning, what to wear, where to go, what terminplogy is rad, etc.  Nothing is off limits!  Please ask questions in this thread and let the /r/snowboarding community help out. This is meant as a judgement-free and welcoming environment for noobs to ask any kind of question related to snowboarding, no matter how dumb it may seem.",1577723575.0,AutoModerator,0
egv876,How to hit the boardpark with the cool kids,"Boarding in France this week. Go to the boardpark with my nephews. Me- mid 40's fat boy. Kids very cool teens. Am told multiple times by the kids ""Don't be embarrassing."" I reassure them that I would not dream of it. It comes to our turn for a nice line of kickers. I go first, hit the first kicker-  scream ""YEET"" and windmill arms, repeat at high volume for the next two, for the final tabletop I approach in a low squatting dab, proceed to hit a sloppy tindy before a triumphant scream on landing.  Nephews proceed to try to ignore me for the rest of the day. Totally worth it.",1577591298.0,scamperthecat,0
ehcon5,Snowboarding groups NYC?,"Hey all,

Iâ€™m a snowboarder who lives in Brooklyn and Iâ€™m wondering if there are any snowboard or ski groups in the NYC area. Iâ€™ve been boarding for a few years and last year I decided to go to the mountain solo all season because the few friends that I usually go with were busy. This season it seems like itâ€™s the same case and as much as I love to board Iâ€™m kind of tired of going by myself ....

Thanks!",1577687552.0,mikeyalva,0
ehf5n3,Anyone looking for StÃ¥le Sandbech Monster Cute Ear Slouchy Crochet Knit Snowboard Beanie?,"Saw an old post about where to get this beanie. Just share this product found on Ebay.

&#x200B;

[http://rover.ebay.com/rover/1/711-53200-19255-0/1?icep\_ff3=2&pub=5575378759&campid=5338273189&customid=&icep\_item=392609653190&ipn=psmain&icep\_vectorid=229466&kwid=902099&mtid=824&kw=lg&toolid=11111](http://rover.ebay.com/rover/1/711-53200-19255-0/1?icep_ff3=2&pub=5575378759&campid=5338273189&customid=&icep_item=392609653190&ipn=psmain&icep_vectorid=229466&kwid=902099&mtid=824&kw=lg&toolid=11111)

https://preview.redd.it/i46kf2e6do741.jpg?width=1800&format=pjpg&auto=webp&s=a725792d9f69bad35e33ed188f9f3d0cc238eaed",1577699032.0,hge4,0
eh5ayu,Any Big Bear or Snow Summit riders?,Moved to bear a few weeks ago. Looking to make some riding buddies i usually ride alone. Havent gone this season yet but planning to start after the holidays. Would be riding most weekdays and can let yall crash the night if you guys would ever really need it. Hit me up yall! 24yr old doctor here!,1577650416.0,RMx400,0
eh3ov2,"Daily Discussion: /r/Snowboarding General Discussion, Q&A, Advice, Etc.) -- December 29, 2019","Want to discuss current trends? Board shapes, technology? Advice picking outerwear? Need info on traveling to Revelstoke for the first time? Or question about what board you should buy? For new and experienced snowboarders with any questions at all about snowboarding including gear, learning, what to wear, where to go, what terminplogy is rad, etc.  Nothing is off limits!  Please ask questions in this thread and let the /r/snowboarding community help out. This is meant as a judgement-free and welcoming environment for noobs to ask any kind of question related to snowboarding, no matter how dumb it may seem.",1577637170.0,AutoModerator,0
eh3ow8,"Weekly /r/Snowboarding Non-Snowboarding Picture Thread -- December 29, 2019","This is the place for all of those pictures that you're eager to share with /r/snowboarding but that don't actually depict the act of snowboarding.  Examples of this are selfies, pictures from chairlifts, pictures of your resort, pictures of you sitting down on a slope, vacation pictures, pictures of park features, scenery pictures, etc.",1577637178.0,AutoModerator,0
eh4ja4,Utah IKON trip,"Rented an airbnb from Jan 20th to the 31st for me and my boys! Buuuut, my boys dropped out. Shocker. I'm gonna be solo for a good portion of the trip now and I'd be stoked to ride with anyone  that's in the area. I have an IKON pass so I have 5 days at Solitude. Snowbird and Brighton. If you're down to show this clown around let me know!",1577644174.0,Quirky-Lobster,0
egzb6y,Looking for a buddy at Perfect North (near Cincinnati) this Monday,All my siblings and siblings-in-law said they would ride with me Monday and bailed. Anyone want to ride the park this Monday?,1577610759.0,_KyleBurkholder,0
egof4z,"Daily Discussion: /r/Snowboarding General Discussion, Q&A, Advice, Etc.) -- December 28, 2019","Want to discuss current trends? Board shapes, technology? Advice picking outerwear? Need info on traveling to Revelstoke for the first time? Or question about what board you should buy? For new and experienced snowboarders with any questions at all about snowboarding including gear, learning, what to wear, where to go, what terminplogy is rad, etc.  Nothing is off limits!  Please ask questions in this thread and let the /r/snowboarding community help out. This is meant as a judgement-free and welcoming environment for noobs to ask any kind of question related to snowboarding, no matter how dumb it may seem.",1577550776.0,AutoModerator,0
egenwy,Iâ€™m gonna be at loon mountain till Monday,Iâ€™m a beginner and was looking for people to snowboard with. If youâ€™d like to meet up with me make sure to comment!,1577499517.0,D3adW1reldog419,0
eg8no2,"Weekly /r/Snowboarding Gear/Quiver Thread -- December 27, 2019","OK you know you want to show off that stunt stick of yours. Or better yet, you want to show off all five of your Skate Bananas. Line 'em up on the living room carpet or prop them against the closet door in your dorm and take the blurriest goddamn cell phone picture you can, then post it here where nobody cares.  Or maybe somebody does care, and you can talk about which Banana is best.  Honestly though, if you have a rad quiver and you want to show it off, or maybe you just bought your first full set-up, or you're stoked on a new pair of goggles or whatever, post 'em here. Upvotes for everyone!!!",1577464386.0,AutoModerator,0
eg8nmv,"Daily Discussion: /r/Snowboarding General Discussion, Q&A, Advice, Etc.) -- December 27, 2019","Want to discuss current trends? Board shapes, technology? Advice picking outerwear? Need info on traveling to Revelstoke for the first time? Or question about what board you should buy? For new and experienced snowboarders with any questions at all about snowboarding including gear, learning, what to wear, where to go, what terminplogy is rad, etc.  Nothing is off limits!  Please ask questions in this thread and let the /r/snowboarding community help out. This is meant as a judgement-free and welcoming environment for noobs to ask any kind of question related to snowboarding, no matter how dumb it may seem.",1577464379.0,AutoModerator,0
efw3g7,How do you find other riders?,I have a lot of trouble finding people who are comfortable exploring the backcountry and hitting the park... just wondering how yâ€™all connect with other riders that are â€œseriousâ€ about riding?,1577399750.0,bobamundo,0
eft1pl,"Daily Discussion: /r/Snowboarding General Discussion, Q&A, Advice, Etc.) -- December 26, 2019","Want to discuss current trends? Board shapes, technology? Advice picking outerwear? Need info on traveling to Revelstoke for the first time? Or question about what board you should buy? For new and experienced snowboarders with any questions at all about snowboarding including gear, learning, what to wear, where to go, what terminplogy is rad, etc.  Nothing is off limits!  Please ask questions in this thread and let the /r/snowboarding community help out. This is meant as a judgement-free and welcoming environment for noobs to ask any kind of question related to snowboarding, no matter how dumb it may seem.",1577377968.0,AutoModerator,0
efnln3,Anybody going to Winter Park or Copper tomorrow? Looking for a ride from Denver.,"Visiting my family in Denver. Have my gear and ikon pass, will throw down for gas!",1577345864.0,andyw722,0
efhppv,Merry Christmas and enjoy the shred!,"I hope you all have a solid Christmas Day and hopefully get to ride some pow. We just got a decent amount at Brighton and Iâ€™m too excited to hit some turns in a little bit. Have fun with your families, and if youâ€™re riding alone at Brighton, UT today, hit me up, Iâ€™m also riding solo.",1577316555.0,pabstgoat,0
